Term	P-value	Genes
leukemia	7.129906716867973E-5	CBFB,ARHGEF12,PDGFRB,NSD1,BCL2,ETV6,ACSL6,CEBPA,NOTCH1,WHSC1L1,IRF1
malaria	0.01527073173359342	FCGR2B,GYPA,SLC4A1
lung_cancer	0.03882221730795756	BRAF,IRF1,MPO
alzheimer_disease	0.06267965951374298	SORL1,APOE,MPO
ichthyosis	0.12112246126397228	LOR,KRT10
blood	0.12569137603509517	GCNT2,GYPA,SLC4A1
macular_degeneration	0.13192232481635685	CST3,APOE
anemia	0.15047018847778126	ALAS2,SLC19A2,BPGM,IRF1
lymphoma	0.177029147961196	BCL2,RAD54B
charcot-marie-tooth_disease	0.23612642111836565	NDRG1,FGD4
immunodeficiency	0.24812745144443635	TNFRSF13B,IKBKG
spastic_paraplegia	0.29624781656287374	PNPLA6,ZFYVE27
cardiomyopathy,_dilated	0.3082451097330108	EYA4,DSP
ectodermal_dysplasia	0.32328072633181454	IKBKG
thrombophilia	0.32328072633181454	F5
pancreatic_cancer	0.32328072633181454	ACVR1B
gastric_cancer	0.32328072633181454	IRF1
arrhythmogenic_right_ventricular_dysplasia	0.3660836537019664	DSP
epidermolysis_bullosa	0.3660836537019664	DSP
melanoma	0.3660836537019664	BRAF
microcephaly	0.3864758600729772	CASK
adenoma	0.3864758600729772	THRA
encephalopathy	0.3864758600729772	STXBP1
colorectal_cancer	0.39073104024595284	BRAF,TGFBR2
bardet-biedl_syndrome	0.4062230299485617	TTC8
cholesterol_level	0.4062230299485617	HMGCR
cardiomyopathy	0.4135804327235924	EYA4,DSP
myocardial_infarction	0.42534521999083447	APOE
glaucoma	0.42534521999083447	OPA1
aneurysm	0.4617918413869369	FBN1
dystonia	0.4617918413869369	GCH1
orofacial_cleft	0.47915339489013636	MTHFR
deafness	0.5064989034428419	OPA1,CCDC50,EYA4,TRIOBP
mental_retardation	0.5274096934672678	CASK,DOCK8,CRBN,SHROOM4
parkinson_disease	0.5280020113326679	NR4A2
diabetes_mellitus,_type_1	0.5995986426562745	ITPR3
systemic_lupus_erythematosus	0.6125797934235566	FCGR2B
schizophrenia	0.6373135773971409	MTHFR
prostate_cancer	0.6373135773971409	RNASEL
obesity	0.6490917478946872	UCP2
diabetes_mellitus,_type_2	0.6604938087477291	SLC2A4
muscular_dystrophy	0.6715315660877034	SEPN1
diabetes	0.7154749810840946	SLC2A4,ITPR3
cataract	0.7936173852260867	GCNT2
epilepsy	0.8571245911995548	CLN8
diabetes_mellitus	0.8571245911995548	SLC2A4
