Term	P-value	Genes
Homeobox	5.822731636462495E-4	PBX3,HOXA5,HOXA9
DNA_pol_beta	0.01101195197668394	DNTT
BRCT	0.015569492982853282	DNTT
SCP-like_extracellular	0.015569492982853282	CRISP1
Tyr_pkinase	0.0835164926206962	KIT
HLH_basic	0.09033952465654384	MYCN
Ig	0.16888193527297857	KIT
