Term	P-value	Genes
microcephaly	0.016968019204004207	MYCN
leukemia	0.08773359661373767	KIT
