Term	P-value	Genes
chr7p15	8.863772984178266E-4	HOXA5,HOXA9
chr4q11	0.005482943523967869	KIT
chr2p24	0.026067761310388432	MYCN
chr9q33	0.03177533731742979	PBX3
chr9q21	0.03780602849055678	ALDH1A1
chrxq26	0.03815970042355042	HS6ST2
chr20p13	0.03886668682931432	PRNP
chr2q33	0.05255806319519808	CD28
chr10q23	0.0532553418453356	DNTT
chrxp22	0.08110296292323482	SMPX
chr6p21	0.20229544309780437	CRISP1
