Term	P-value	Genes
cytoplasm (GO:0005737)	0.02229509250336457	KIT,PRNP,ALDH1A1,PBX3
extrinsic to membrane (GO:0019898)	0.027371551606594866	PRNP
extracellular space (GO:0005615)	0.028514776421867817	CRISP1,KIT
external side of plasma membrane (GO:0009897)	0.029235334142398945	CD28
chromatin (GO:0000785)	0.04219630834998517	MYCN
extracellular region part (GO:0044421)	0.057977086481069744	CRISP1,KIT
cytosol (GO:0005829)	0.15261203222142228	ALDH1A1,CD28
plasma membrane (GO:0005886)	0.17617705498820593	KIT,CD28
membrane (GO:0016020)	0.3025874060823051	KIT,CD28
nucleolus (GO:0005730)	0.36475457333166	KIT
nucleus (GO:0005634)	0.41225258722342517	MYCN,KIT
integral to plasma membrane (GO:0005887)	0.6119420352056818	CD28
membrane part (GO:0044425)	0.6279968179998461	CD28,PRNP
intracellular membrane-bounded organelle (GO:0043231)	0.7003063283017371	KIT,MYCN
integral to membrane (GO:0016021)	0.7842528156545079	CD28
intrinsic to membrane (GO:0031224)	0.789582771912659	CD28
intracellular organelle (GO:0043229)	0.8165685565658285	KIT,MYCN
cellular_component (GO:0005575)	1.0	PRNP,MYCN,CRISP1,ALDH1A1,KIT,CD28,PBX3
