Term	P-value	Genes
HSA04640_HEMATOPOIETIC_CELL_LINEAGE	0.00664213067733625	DNTT,KIT
HSA00830_RETINOL_METABOLISM	0.007239352622997699	ALDH1A1
HSA05060_PRION_DISEASE	0.021587090465038646	PRNP
HSA00534_HEPARAN_SULFATE_BIOSYNTHESIS	0.030112481526942195	HS6ST2
HSA01510_NEURODEGENERATIVE_DISEASES	0.05531812766053782	PRNP
HSA04940_TYPE_I_DIABETES_MELLITUS	0.0649717306083034	CD28
HSA05221_ACUTE_MYELOID_LEUKEMIA	0.07590361826538759	KIT
HSA04660_T_CELL_RECEPTOR_SIGNALING_PATHWAY	0.1289789334608222	CD28
HSA04916_MELANOGENESIS	0.14056377763285757	KIT
HSA01030_GLYCAN_STRUCTURES_BIOSYNTHESIS_1	0.15958644591109958	HS6ST2
HSA04514_CELL_ADHESION_MOLECULES	0.18072001348000707	CD28
HSA04060_CYTOKINE_CYTOKINE_RECEPTOR_INTERACTION	0.3208357949281805	KIT
