Term	P-value	Genes
BBCELLPATHWAY	0.013835346526168708	CD28
TCAPOPTOSISPATHWAY	0.01842571175649306	CD28
ASBCELLPATHWAY	0.019953453839317792	CD28
TCYTOTOXICPATHWAY	0.023005368514231253	CD28
THELPERPATHWAY	0.023005368514231253	CD28
TH1TH2PATHWAY	0.030614333171443048	CD28
CTLA4PATHWAY	0.03364959022248777	CD28
TOB1PATHWAY	0.03364959022248777	CD28
BADPATHWAY	0.03516543400251277	KIT
NKTPATHWAY	0.045743025214778556	CD28
