Term	P-value	Genes
Biological oxidations	0.07448054931424662	ALDH1A1
HIV Infection	0.10500980496767946	CD28
