Term	P-value	Genes
HMDB01220	0.02751878478867045	HPGD
HMDB06242	0.02751878478867045	ALDH3B1
HMDB01429	0.02753687548728535	DNAJC6,EYA1,PPM1E
HMDB00990	0.03792512399326693	ALDH3B1
HMDB00108	0.0420602967215774	ALDH3B1
HMDB00595	0.04412204480530643	LTF
HMDB00641	0.05844588539723515	TGM2
HMDB00042	0.06250375706839875	ALDH3B1
HMDB01487	0.0679709006018217	HPGD,ALDH3B1
HMDB00902	0.09420021049971462	HPGD,ALDH3B1
HMDB00051	0.11580654323468186	TGM2
HMDB01491	0.134864276949171	MOCOS
HMDB00547	0.26185497922085427	PPM1E,EYA1
HMDB00217	0.31275802933727137	ALDH3B1
HMDB00221	0.31890694785103285	ALDH3B1
HMDB01333	0.3474616892850181	PPM1E
HMDB00692	0.3474616892850181	LTF
