Term	P-value	Genes
asthma	0.0027915140831708415	CHI3L1,PHF11
usher_syndrome	0.04016204390426284	WHRN
anomalies	0.046723150516531954	EYA1
schizophrenia	0.10099899520158455	CHI3L1
obesity	0.10410972532205856	SDC3
cataract	0.15267481858932785	EYA1
deafness	0.32559893668324175	WHRN
mental_retardation	0.33292047802326813	VLDLR
