Term	P-value	Genes
NKTPATHWAY	0.010699526131170728	CCL3,IL12A
PLCDPATHWAY	0.03188804506677357	TGM2
IL18PATHWAY	0.03711704482335177	IL12A
REELINPATHWAY	0.04232181755401325	VLDLR
MITRPATHWAY	0.05265905609998046	MEF2C
ACE2PATHWAY	0.0679855421497554	CMA1
ERYTHPATHWAY	0.08309899937219713	CCL3
ERK5PATHWAY	0.09305751046090224	MEF2C
NO2IL12PATHWAY	0.09305751046090224	IL12A
TH1TH2PATHWAY	0.10292316886261416	IL12A
CYTOKINEPATHWAY	0.11754913710020772	IL12A
DCPATHWAY	0.11754913710020772	IL12A
IL12PATHWAY	0.1223788134412533	IL12A
PGC1APATHWAY	0.1271858152456416	MEF2C
INFLAMPATHWAY	0.15088380380502167	IL12A
HDACPATHWAY	0.15555661306081447	MEF2C
CARM_ERPATHWAY	0.15555661306081447	MEF2C
AT1RPATHWAY	0.17402812822630442	MEF2C
ALKPATHWAY	0.1876534730441326	MEF2C
P38MAPKPATHWAY	0.2010857059539027	MEF2C
KERATINOCYTEPATHWAY	0.2273799592223441	HOXA7
NFATPATHWAY	0.2571158658795808	MEF2C
MAPKPATHWAY	0.3880098928854603	MEF2C
